exit_status,runid,read_id,filename,barcode,accuracy,identity,model,name,start,end,coverage,URL,categories,seq_id,seq_len,taxon,taxon_id,cluster_id
Workflow successful,ed864aac0a447547cee3d3e398b618bc1d650318,94245355-ba63-4777-9cd8-e0dddbbbbd97,FAL00387_ed864aac0a447547cee3d3e398b618bc1d650318_9.fastq,none,92.77,96.84,protein homolog model,oqxB,0,2107,66.825,https://card.mcmaster.ca/ontology/40632,efflux pump conferring antibiotic resistance,1443,3153,Escherichia coli,562,25
Workflow successful,ed864aac0a447547cee3d3e398b618bc1d650318,9a16226f-5417-4f65-af69-a529df64556c,FAL00387_ed864aac0a447547cee3d3e398b618bc1d650318_9.fastq,none,92.72,95.9,rRNA mutation model,Salmonella enterica serovar Typhimurium 16S rRNA mutation in the rrsD gene conferring resistance to spectinomycin,0,1544,100,https://card.mcmaster.ca/ontology/40114,aminoglycoside resistance gene. antibiotic resistant gene variant or mutant,2340,1544,Salmonella enterica subsp. salamae,59202,141
Workflow successful,ed864aac0a447547cee3d3e398b618bc1d650318,009ab9c8-6579-4a1e-baed-3ba578012ec9,FAL00387_ed864aac0a447547cee3d3e398b618bc1d650318_9.fastq,none,91.91,94.98,protein variant model,Escherichia coli EF-Tu mutants conferring resistance to Pulvomycin,134,1230,89.106,https://card.mcmaster.ca/ontology/39953,elfamycin resistance gene. antibiotic resistant gene variant or mutant,2259,1230,Escherichia coli CFT073,199310,242
Workflow successful,ed864aac0a447547cee3d3e398b618bc1d650318,1fb5f15f-3089-4370-a10f-321c4df24a99,FAL00387_ed864aac0a447547cee3d3e398b618bc1d650318_9.fastq,none,80.06,87.18,protein variant model,Salmonella enterica gyrA conferring resistance to fluoroquinolones,11,2631,99.355,https://card.mcmaster.ca/ontology/40635,fluoroquinolone resistance gene. antibiotic resistant gene variant or mutant,2277,2637,Salmonella enterica subsp. enterica serovar Typhimurium str. LT2,99287,54
Workflow successful,ed864aac0a447547cee3d3e398b618bc1d650318,2cc9dce4-1242-4c5f-bf5f-2f9bfaa22a9a,FAL00387_ed864aac0a447547cee3d3e398b618bc1d650318_9.fastq,none,95.1,98.58,protein homolog model,SHV-108,0,861,100,https://card.mcmaster.ca/ontology/37537,beta-lactam resistance gene. antibiotic inactivation enzyme,1861,861,Klebsiella pneumoniae,573,439
Workflow successful,ed864aac0a447547cee3d3e398b618bc1d650318,45df6ebe-a117-4924-9bed-ddf75bceb054,FAL00387_ed864aac0a447547cee3d3e398b618bc1d650318_9.fastq,none,91.07,96.23,protein variant model,Escherichia coli EF-Tu mutants conferring resistance to Enacyloxin IIa,245,354,49.772,https://card.mcmaster.ca/ontology/39954,elfamycin resistance gene. antibiotic resistant gene variant or mutant,2206,1185,Escherichia coli str. K-12 substr. MG1655,511145,242
Workflow successful,ed864aac0a447547cee3d3e398b618bc1d650318,be043b35-14a1-4de7-ab7d-dcafeda5559b,FAL00387_ed864aac0a447547cee3d3e398b618bc1d650318_9.fastq,none,97.28,98.79,protein homolog model,OXA-48,101,688,73.467,https://card.mcmaster.ca/ontology/38182,beta-lactam resistance gene. antibiotic inactivation enzyme,842,799,Klebsiella pneumoniae,573,564
Workflow successful,ed864aac0a447547cee3d3e398b618bc1d650318,ede916a7-66c0-4646-9611-7ace1c15d510,FAL00387_ed864aac0a447547cee3d3e398b618bc1d650318_9.fastq,none,83.42,87.09,protein variant model,Salmonella enterica gyrA conferring resistance to fluoroquinolones,26,2635,98.938,https://card.mcmaster.ca/ontology/40635,fluoroquinolone resistance gene. antibiotic resistant gene variant or mutant,2277,2637,Salmonella enterica subsp. enterica serovar Typhimurium str. LT2,99287,54
Workflow successful,ed864aac0a447547cee3d3e398b618bc1d650318,67aa679b-bde4-4ba0-a685-512734335450,FAL00387_ed864aac0a447547cee3d3e398b618bc1d650318_9.fastq,none,97.83,100,protein homolog model,oqxB,2123,2214,44.39,https://card.mcmaster.ca/ontology/40632,efflux pump conferring antibiotic resistance,1443,3153,Escherichia coli,562,25
Workflow successful,ed864aac0a447547cee3d3e398b618bc1d650318,2cccc57c-716b-4507-a351-7240dd48d278,FAL00387_ed864aac0a447547cee3d3e398b618bc1d650318_9.fastq,none,80.5,82.74,protein homolog model,acrD,0,514,16.501,https://card.mcmaster.ca/ontology/36630,efflux pump conferring antibiotic resistance,184,3115,Escherichia coli str. K-12 substr. W3110,316407,34
Workflow successful,ed864aac0a447547cee3d3e398b618bc1d650318,83469558-8142-4cd1-ab92-bc6ee4ba7297,FAL00387_ed864aac0a447547cee3d3e398b618bc1d650318_9.fastq,none,79.29,82.47,protein homolog model,YojI,96,1628,93.187,https://card.mcmaster.ca/ontology/40722,efflux pump conferring antibiotic resistance,1806,1644,Escherichia coli str. K-12 substr. MG1655,511145,132
Workflow successful,ed864aac0a447547cee3d3e398b618bc1d650318,a69674ff-68f7-499e-9dda-832d917c59e5,FAL00387_ed864aac0a447547cee3d3e398b618bc1d650318_9.fastq,none,93.99,97.13,protein homolog model,oqxB,0,2850,90.39,https://card.mcmaster.ca/ontology/40632,efflux pump conferring antibiotic resistance,1443,3153,Escherichia coli,562,25
Workflow successful,ed864aac0a447547cee3d3e398b618bc1d650318,38715580-6764-42c9-8bdd-66a49df7a352,FAL00387_ed864aac0a447547cee3d3e398b618bc1d650318_9.fastq,none,91.77,96.36,protein homolog model,SHV-92,633,861,38.25,https://card.mcmaster.ca/ontology/37524,beta-lactam resistance gene. antibiotic inactivation enzyme,2055,861,Klebsiella pneumoniae,573,439
Workflow successful,ed864aac0a447547cee3d3e398b618bc1d650318,0965bab2-796d-45c1-85b2-ce8874e96130,FAL00387_ed864aac0a447547cee3d3e398b618bc1d650318_9.fastq,none,87.19,94.78,protein homolog model,oqxB,1,3153,99.968,https://card.mcmaster.ca/ontology/40632,efflux pump conferring antibiotic resistance,1443,3153,Escherichia coli,562,25
Workflow successful,ed864aac0a447547cee3d3e398b618bc1d650318,6c38d2dc-9327-43f1-80b8-1b58ecd8c6ad,FAL00387_ed864aac0a447547cee3d3e398b618bc1d650318_9.fastq,none,73.25,85.36,protein variant model,Salmonella enterica gyrA conferring resistance to fluoroquinolones,11,1568,81.11,https://card.mcmaster.ca/ontology/40635,fluoroquinolone resistance gene. antibiotic resistant gene variant or mutant,2277,2637,Salmonella enterica subsp. enterica serovar Typhimurium str. LT2,99287,54
Workflow successful,ed864aac0a447547cee3d3e398b618bc1d650318,7fb03e4e-b482-4185-bfe1-2e22031a32e4,FAL00387_ed864aac0a447547cee3d3e398b618bc1d650318_9.fastq,none,83.21,88.97,protein homolog model,H-NS,10,415,97.59,https://card.mcmaster.ca/ontology/37020,gene modulating antibiotic efflux. efflux pump conferring antibiotic resistance,1445,415,Escherichia coli O157:H7 str. Sakai,386585,824
Workflow successful,ed864aac0a447547cee3d3e398b618bc1d650318,ad683df5-52a8-493f-af51-4e1832cce949,FAL00387_ed864aac0a447547cee3d3e398b618bc1d650318_9.fastq,none,79.2,83.76,protein homolog model,patA,0,1378,99.855,https://card.mcmaster.ca/ontology/36033,efflux pump conferring antibiotic resistance,1029,1380,Escherichia coli str. K-12 substr. MG1655,511145,199
Workflow successful,ed864aac0a447547cee3d3e398b618bc1d650318,f9c1c647-5fc6-4a3d-87ca-40e333e5bfca,FAL00387_ed864aac0a447547cee3d3e398b618bc1d650318_9.fastq,none,92.37,97.32,protein homolog model,vgaC,0,231,100,https://card.mcmaster.ca/ontology/39265,efflux pump conferring antibiotic resistance,2151,231,Enterobacter cloacae,550,852
Workflow successful,ed864aac0a447547cee3d3e398b618bc1d650318,8d8af767-be1e-49c9-a659-b8974cc0b13f,FAL00387_ed864aac0a447547cee3d3e398b618bc1d650318_9.fastq,none,93.95,97.56,protein homolog model,CTX-M-15,0,877,100,https://card.mcmaster.ca/ontology/38278,beta-lactam resistance gene. antibiotic inactivation enzyme,338,877,Escherichia coli,562,461
Workflow successful,ed864aac0a447547cee3d3e398b618bc1d650318,6d1471f9-fb55-4ca5-a26f-d6c73c21e0b1,FAL00387_ed864aac0a447547cee3d3e398b618bc1d650318_9.fastq,none,73.7,78.47,protein homolog model,mdtK,9,1353,94.316,https://card.mcmaster.ca/ontology/37726,efflux pump conferring antibiotic resistance,472,1425,Salmonella enterica subsp. enterica serovar Typhimurium,90371,183
Workflow successful,ed864aac0a447547cee3d3e398b618bc1d650318,4e34e25b-a140-49f2-b558-8e350b0aa618,FAL00387_ed864aac0a447547cee3d3e398b618bc1d650318_9.fastq,none,75.47,81.54,protein homolog model,mdtC,13,3051,98.668,https://card.mcmaster.ca/ontology/37174,efflux pump conferring antibiotic resistance,1596,3079,Escherichia coli str. K-12 substr. MG1655,511145,41
Workflow successful,ed864aac0a447547cee3d3e398b618bc1d650318,7b5c5306-105b-45e5-a7e5-c7a016836e46,FAL00387_ed864aac0a447547cee3d3e398b618bc1d650318_9.fastq,none,90.88,96.1,rRNA mutation model,Salmonella enterica serovar Typhimurium 16S rRNA mutation in the rrsD gene conferring resistance to spectinomycin,484,1544,68.653,https://card.mcmaster.ca/ontology/40114,aminoglycoside resistance gene. antibiotic resistant gene variant or mutant,2340,1544,Salmonella enterica subsp. salamae,59202,141
Workflow successful,ed864aac0a447547cee3d3e398b618bc1d650318,82a869c3-44d8-46c8-8298-65c0acfd7ea3,FAL00387_ed864aac0a447547cee3d3e398b618bc1d650318_9.fastq,none,96.58,97.24,rRNA mutation model,Salmonella enterica serovar Typhimurium 16S rRNA mutation in the rrsD gene conferring resistance to spectinomycin,877,1022,59.836,https://card.mcmaster.ca/ontology/40114,aminoglycoside resistance gene. antibiotic resistant gene variant or mutant,2340,1544,Salmonella enterica subsp. salamae,59202,141
Workflow successful,ed864aac0a447547cee3d3e398b618bc1d650318,16407995-5e3b-4ab1-86a7-c132bbbb3d7e,FAL00387_ed864aac0a447547cee3d3e398b618bc1d650318_9.fastq,none,76.88,81.6,protein homolog model,arnA,943,1881,47.159,https://card.mcmaster.ca/ontology/39419,gene altering cell wall charge conferring antibiotic resistance. polymyxin resistance gene,415,1989,Pseudomonas aeruginosa PAO1,208964,93
Workflow successful,ed864aac0a447547cee3d3e398b618bc1d650318,615bf981-3d53-4ba7-9774-0861352d4490,FAL00387_ed864aac0a447547cee3d3e398b618bc1d650318_9.fastq,none,95.5,97.76,protein homolog model,oqxB,2379,3153,24.548,https://card.mcmaster.ca/ontology/40632,efflux pump conferring antibiotic resistance,1443,3153,Escherichia coli,562,25
Workflow successful,ed864aac0a447547cee3d3e398b618bc1d650318,d4720f5b-b739-4e3f-a364-8cdb492abd3d,FAL00387_ed864aac0a447547cee3d3e398b618bc1d650318_9.fastq,none,91.78,98.49,protein variant model,Klebsiella pneumoniae ramR mutants,156,577,72.213,https://card.mcmaster.ca/ontology/39964,gene modulating antibiotic efflux. antibiotic resistant gene variant or mutant. efflux pump conferring antibiotic resistance,2251,583,Klebsiella pneumoniae subsp. pneumoniae MGH 78578,272620,732
Workflow successful,ed864aac0a447547cee3d3e398b618bc1d650318,6d93d433-dbbf-4627-94d7-12d739629b27,FAL00387_ed864aac0a447547cee3d3e398b618bc1d650318_9.fastq,none,78.03,80.73,protein homolog model,emrD,6,1157,96.641,https://card.mcmaster.ca/ontology/36448,efflux pump conferring antibiotic resistance,1969,1191,Escherichia coli B185,550676,270
Workflow successful,ed864aac0a447547cee3d3e398b618bc1d650318,b0434dca-e1be-4259-9c52-b9f8eedc4e8f,FAL00387_ed864aac0a447547cee3d3e398b618bc1d650318_9.fastq,none,95.31,97.89,protein knockout model,Klebsiella OmpK35 conferring resistance to beta-lactam,3,682,99.269,https://card.mcmaster.ca/ontology/40737,gene conferring resistance via absence. gene modulating permeability to antibiotic,2171,684,Klebsiella pneumoniae subsp. pneumoniae HS11286,1125630,659
Workflow successful,ed864aac0a447547cee3d3e398b618bc1d650318,9ff99d36-0996-4b72-94d3-fba27782c9da,FAL00387_ed864aac0a447547cee3d3e398b618bc1d650318_9.fastq,none,90.93,95.56,protein knockout model,Klebsiella OmpK36 conferring resistance to beta-lactam,0,1094,99.094,https://card.mcmaster.ca/ontology/40739,gene conferring resistance via absence. gene modulating permeability to antibiotic,2169,1104,Klebsiella pneumoniae subsp. pneumoniae HS11286,1125630,324
Workflow successful,ed864aac0a447547cee3d3e398b618bc1d650318,ac2f183a-d511-4244-83c0-ec93e1e6398c,FAL00387_ed864aac0a447547cee3d3e398b618bc1d650318_9.fastq,none,77.36,83.8,protein homolog model,smeE,1005,1498,15.781,https://card.mcmaster.ca/ontology/39490,efflux pump conferring antibiotic resistance,283,3124,Stenotrophomonas maltophilia,40324,32
Workflow successful,ed864aac0a447547cee3d3e398b618bc1d650318,99b30b48-1ce2-4d03-ba4f-300d84bd4f71,FAL00387_ed864aac0a447547cee3d3e398b618bc1d650318_9.fastq,none,78.23,82.65,protein homolog model,YojI,96,1628,93.187,https://card.mcmaster.ca/ontology/40722,efflux pump conferring antibiotic resistance,1806,1644,Escherichia coli str. K-12 substr. MG1655,511145,132
Workflow successful,ed864aac0a447547cee3d3e398b618bc1d650318,4538b52a-7a3e-411d-88e0-da41f6b02dfc,FAL00387_ed864aac0a447547cee3d3e398b618bc1d650318_9.fastq,none,95.2,98.35,protein homolog model,OXA-48,0,799,100,https://card.mcmaster.ca/ontology/38182,beta-lactam resistance gene. antibiotic inactivation enzyme,842,799,Klebsiella pneumoniae,573,564
Workflow successful,ed864aac0a447547cee3d3e398b618bc1d650318,b9e8bdb1-56c4-4c18-8abd-99d49170fd7f,FAL00387_ed864aac0a447547cee3d3e398b618bc1d650318_9.fastq,none,86.48,92.31,protein variant model,Escherichia coli EF-Tu mutants conferring resistance to Enacyloxin IIa,0,1185,100,https://card.mcmaster.ca/ontology/39954,elfamycin resistance gene. antibiotic resistant gene variant or mutant,2206,1185,Escherichia coli str. K-12 substr. MG1655,511145,242
Workflow successful,ed864aac0a447547cee3d3e398b618bc1d650318,3d2fbf4a-8dc1-4327-af13-31cea826a5d1,FAL00387_ed864aac0a447547cee3d3e398b618bc1d650318_9.fastq,none,89.08,96.68,protein homolog model,vgaC,11,231,95.238,https://card.mcmaster.ca/ontology/39265,efflux pump conferring antibiotic resistance,2151,231,Enterobacter cloacae,550,852
Workflow successful,ed864aac0a447547cee3d3e398b618bc1d650318,9e683444-bf3a-460c-b86a-891da7d145a6,FAL00387_ed864aac0a447547cee3d3e398b618bc1d650318_9.fastq,none,91.22,95.72,rRNA mutation model,Salmonella enterica serovar Typhimurium 16S rRNA mutation in the rrsD gene conferring resistance to spectinomycin,59,1171,90.524,https://card.mcmaster.ca/ontology/40114,aminoglycoside resistance gene. antibiotic resistant gene variant or mutant,2340,1544,Salmonella enterica subsp. salamae,59202,141
Workflow successful,ed864aac0a447547cee3d3e398b618bc1d650318,b4ca6fbf-87ae-4ef0-bf34-5441b3e9e957,FAL00387_ed864aac0a447547cee3d3e398b618bc1d650318_9.fastq,none,80.14,83.54,protein homolog model,YojI,96,1640,93.917,https://card.mcmaster.ca/ontology/40722,efflux pump conferring antibiotic resistance,1806,1644,Escherichia coli str. K-12 substr. MG1655,511145,132
Workflow successful,ed864aac0a447547cee3d3e398b618bc1d650318,a526e1ff-7d92-440c-aec4-8db72ea83942,FAL00387_ed864aac0a447547cee3d3e398b618bc1d650318_9.fastq,none,91.5,95.53,rRNA mutation model,Salmonella enterica serovar Typhimurium 16S rRNA mutation in the rrsD gene conferring resistance to spectinomycin,0,1544,100,https://card.mcmaster.ca/ontology/40114,aminoglycoside resistance gene. antibiotic resistant gene variant or mutant,2340,1544,Salmonella enterica subsp. salamae,59202,141
Workflow successful,ed864aac0a447547cee3d3e398b618bc1d650318,bd152fcb-ccc4-420f-8b25-db48f789528e,FAL00387_ed864aac0a447547cee3d3e398b618bc1d650318_9.fastq,none,92.14,96.26,rRNA mutation model,Escherichia coli 16S rRNA mutation in the rrsH gene conferring resistance to spectinomycin,0,1542,100,https://card.mcmaster.ca/ontology/39956,aminoglycoside resistance gene. antibiotic resistant gene variant or mutant,2324,1542,Escherichia coli K-12,83333,141
Workflow successful,ed864aac0a447547cee3d3e398b618bc1d650318,6b319f10-2f91-4698-a112-6f86babcfc18,FAL00387_ed864aac0a447547cee3d3e398b618bc1d650318_9.fastq,none,79.01,84.07,protein variant model,Escherichia coli mutant UhpT conferring resistance to fosfomycin,734,1366,70.621,https://card.mcmaster.ca/ontology/40592,fosfomycin resistance gene. antibiotic resistant gene variant or mutant,2183,1392,Escherichia coli str. K-12 substr. MC4100,1403831,196
Workflow successful,ed864aac0a447547cee3d3e398b618bc1d650318,663f57ee-9a31-47aa-a044-46159b3aff71,FAL00387_ed864aac0a447547cee3d3e398b618bc1d650318_9.fastq,none,90.13,95.45,protein homolog model,vgaC,0,231,100,https://card.mcmaster.ca/ontology/39265,efflux pump conferring antibiotic resistance,2151,231,Enterobacter cloacae,550,852
Workflow successful,ed864aac0a447547cee3d3e398b618bc1d650318,2a43639d-b880-45a8-af6b-f64b4f776dcc,FAL00387_ed864aac0a447547cee3d3e398b618bc1d650318_9.fastq,none,84.49,93.07,protein homolog model,SHV-148,18,857,97.786,https://card.mcmaster.ca/ontology/37567,beta-lactam resistance gene. antibiotic inactivation enzyme,1370,858,Klebsiella pneumoniae,573,439
Workflow successful,ed864aac0a447547cee3d3e398b618bc1d650318,72fe05f0-443c-4307-a340-ba12bfe060d4,FAL00387_ed864aac0a447547cee3d3e398b618bc1d650318_9.fastq,none,89.62,93.9,protein variant model,Escherichia coli EF-Tu mutants conferring resistance to Enacyloxin IIa,15,1184,98.65,https://card.mcmaster.ca/ontology/39954,elfamycin resistance gene. antibiotic resistant gene variant or mutant,2206,1185,Escherichia coli str. K-12 substr. MG1655,511145,242
Workflow successful,ed864aac0a447547cee3d3e398b618bc1d650318,d7e96c8b-b635-431a-8edb-7585064046d0,FAL00387_ed864aac0a447547cee3d3e398b618bc1d650318_9.fastq,none,80.39,83.88,protein variant model,Escherichia coli mutant GlpT conferring resistance to fosfomycin,33,1359,97.572,https://card.mcmaster.ca/ontology/40588,fosfomycin resistance gene. antibiotic resistant gene variant or mutant,2235,1359,Escherichia coli str. K-12 substr. MC4100,1403831,202
Workflow successful,ed864aac0a447547cee3d3e398b618bc1d650318,b6f527b6-985b-46b4-a145-83c22333dda0,FAL00387_ed864aac0a447547cee3d3e398b618bc1d650318_9.fastq,none,87.17,93.94,rRNA mutation model,Escherichia coli 16S rRNA mutation in the rrsH gene conferring resistance to spectinomycin,0,1539,99.805,https://card.mcmaster.ca/ontology/39956,aminoglycoside resistance gene. antibiotic resistant gene variant or mutant,2324,1542,Escherichia coli K-12,83333,141
Workflow successful,ed864aac0a447547cee3d3e398b618bc1d650318,cfe24443-7c9b-41b3-b8df-67105a5fff0d,FAL00387_ed864aac0a447547cee3d3e398b618bc1d650318_9.fastq,none,92.11,95.99,rRNA mutation model,Salmonella enterica serovar Typhimurium 16S rRNA mutation in the rrsD gene conferring resistance to spectinomycin,0,1544,100,https://card.mcmaster.ca/ontology/40114,aminoglycoside resistance gene. antibiotic resistant gene variant or mutant,2340,1544,Salmonella enterica subsp. salamae,59202,141
Workflow successful,ed864aac0a447547cee3d3e398b618bc1d650318,17417ec4-c063-49f9-9b35-c954a9b0f2cd,FAL00387_ed864aac0a447547cee3d3e398b618bc1d650318_9.fastq,none,92.05,95.28,protein variant model,Escherichia coli EF-Tu mutants conferring resistance to Pulvomycin,387,1230,68.537,https://card.mcmaster.ca/ontology/39953,elfamycin resistance gene. antibiotic resistant gene variant or mutant,2259,1230,Escherichia coli CFT073,199310,242
Workflow successful,ed864aac0a447547cee3d3e398b618bc1d650318,4777e5c1-fefb-4daa-b686-1c5ba2dd0746,FAL00387_ed864aac0a447547cee3d3e398b618bc1d650318_9.fastq,none,68.92,79.29,protein variant model,Enterobacter aerogenes omp36 mutants,58,1126,94.681,https://card.mcmaster.ca/ontology/39969,gene modulating permeability to antibiotic. beta-lactam resistance gene. antibiotic resistant gene variant or mutant,2195,1128,Enterobacter aerogenes,548,316
Workflow successful,ed864aac0a447547cee3d3e398b618bc1d650318,ce705f4b-1468-49d5-bb29-0ce0e761b686,FAL00387_ed864aac0a447547cee3d3e398b618bc1d650318_9.fastq,none,90.84,97.24,protein homolog model,acrA,12,1194,98.995,https://card.mcmaster.ca/ontology/36346,efflux pump conferring antibiotic resistance,395,1194,Klebsiella pneumoniae subsp. pneumoniae HS11286,1125630,264
Workflow successful,ed864aac0a447547cee3d3e398b618bc1d650318,b3d1d97b-fa7f-4f4a-8320-dd200ceac903,FAL00387_ed864aac0a447547cee3d3e398b618bc1d650318_9.fastq,none,79.44,83.69,protein homolog model,emrB,0,1540,100,https://card.mcmaster.ca/ontology/36213,efflux pump conferring antibiotic resistance,1173,1540,Escherichia coli str. K-12 substr. MG1655,511145,143
Workflow successful,ed864aac0a447547cee3d3e398b618bc1d650318,a1c363cf-1f41-4bb7-bd9b-d4dd735b5ecd,FAL00387_ed864aac0a447547cee3d3e398b618bc1d650318_9.fastq,none,92.59,98.52,protein homolog model,sul2,591,807,49.153,https://card.mcmaster.ca/ontology/36551,sulfonamide resistance gene. antibiotic target replacement protein,175,817,Vibrio cholerae,666,537
Workflow successful,ed864aac0a447547cee3d3e398b618bc1d650318,bdb26378-174f-49a0-b8d4-9847dfb2bd58,FAL00387_ed864aac0a447547cee3d3e398b618bc1d650318_9.fastq,none,80.63,84.3,protein homolog model,patA,0,1379,99.928,https://card.mcmaster.ca/ontology/36033,efflux pump conferring antibiotic resistance,1029,1380,Escherichia coli str. K-12 substr. MG1655,511145,199
Workflow successful,ed864aac0a447547cee3d3e398b618bc1d650318,289fcd5e-79b0-47ee-ae8b-2870202608bc,FAL00387_ed864aac0a447547cee3d3e398b618bc1d650318_9.fastq,none,91.77,95.58,rRNA mutation model,Salmonella enterica serovar Typhimurium 16S rRNA mutation in the rrsD gene conferring resistance to spectinomycin,783,1544,49.288,https://card.mcmaster.ca/ontology/40114,aminoglycoside resistance gene. antibiotic resistant gene variant or mutant,2340,1544,Salmonella enterica subsp. salamae,59202,141
Workflow successful,ed864aac0a447547cee3d3e398b618bc1d650318,c503ae17-8b3a-472e-939e-61f7cd4b3a98,FAL00387_ed864aac0a447547cee3d3e398b618bc1d650318_9.fastq,none,95.36,98.61,protein homolog model,msrE,0,1477,100,https://card.mcmaster.ca/ontology/39685,efflux pump conferring antibiotic resistance,1157,1477,Escherichia coli,562,162
Workflow successful,ed864aac0a447547cee3d3e398b618bc1d650318,8aaa7f7b-b707-4444-8b72-12055e1c56bb,FAL00387_ed864aac0a447547cee3d3e398b618bc1d650318_9.fastq,none,88.71,94.72,rRNA mutation model,Salmonella enterica serovar Typhimurium 16S rRNA mutation in the rrsD gene conferring resistance to spectinomycin,4,1538,99.352,https://card.mcmaster.ca/ontology/40114,aminoglycoside resistance gene. antibiotic resistant gene variant or mutant,2340,1544,Salmonella enterica subsp. salamae,59202,141
Workflow successful,ed864aac0a447547cee3d3e398b618bc1d650318,aff7587f-f158-4d2c-a392-c4fbc5de2ca1,FAL00387_ed864aac0a447547cee3d3e398b618bc1d650318_9.fastq,none,79.29,82.51,protein variant model,Escherichia coli mutant UhpT conferring resistance to fosfomycin,784,1366,41.81,https://card.mcmaster.ca/ontology/40592,fosfomycin resistance gene. antibiotic resistant gene variant or mutant,2183,1392,Escherichia coli str. K-12 substr. MC4100,1403831,196
Workflow successful,ed864aac0a447547cee3d3e398b618bc1d650318,747307d5-f256-45bb-a022-6fc4f3856d2a,FAL00387_ed864aac0a447547cee3d3e398b618bc1d650318_9.fastq,none,96.03,99.29,protein variant model,Klebsiella pneumoniae acrR mutant resulting in high level antibiotic resistance,82,651,87.27,https://card.mcmaster.ca/ontology/39957,gene modulating antibiotic efflux. antibiotic resistant gene variant or mutant. efflux pump conferring antibiotic resistance,2234,652,Klebsiella pneumoniae subsp. pneumoniae MGH 78578,272620,687
Workflow successful,ed864aac0a447547cee3d3e398b618bc1d650318,7e2421f0-e75f-45f0-a819-d28879bcc328,FAL00387_ed864aac0a447547cee3d3e398b618bc1d650318_9.fastq,none,70.43,82.39,protein knockout model,Klebsiella OmpK36 conferring resistance to beta-lactam,76,1095,92.301,https://card.mcmaster.ca/ontology/40739,gene conferring resistance via absence. gene modulating permeability to antibiotic,2169,1104,Klebsiella pneumoniae subsp. pneumoniae HS11286,1125630,324
Workflow successful,ed864aac0a447547cee3d3e398b618bc1d650318,538fc5ce-4c4e-40a3-aeb0-5d7b60291a01,FAL00387_ed864aac0a447547cee3d3e398b618bc1d650318_9.fastq,none,95.2,98.35,protein variant model,Klebsiella mutant PhoP conferring antibiotic resistance to colistin,0,672,100,https://card.mcmaster.ca/ontology/40195,gene altering cell wall charge conferring antibiotic resistance. gene modulating antibiotic efflux. antibiotic resistant gene variant or mutant. polymyxin resistance gene. efflux pump conferring antibiotic resistance,2180,672,Klebsiella pneumoniae,573,665
Workflow successful,ed864aac0a447547cee3d3e398b618bc1d650318,c082dd6f-96ee-4808-992a-b9b8b53726f6,FAL00387_ed864aac0a447547cee3d3e398b618bc1d650318_9.fastq,none,98.39,100,rRNA mutation model,Escherichia coli 16S rRNA mutation in the rrsH gene conferring resistance to spectinomycin,1481,1542,19.745,https://card.mcmaster.ca/ontology/39956,aminoglycoside resistance gene. antibiotic resistant gene variant or mutant,2324,1542,Escherichia coli K-12,83333,141
Workflow successful,ed864aac0a447547cee3d3e398b618bc1d650318,3684bc0e-5939-462e-8f0b-87f27221858b,FAL00387_ed864aac0a447547cee3d3e398b618bc1d650318_9.fastq,none,88.46,95.14,protein homolog model,oqxB,1535,3146,51.094,https://card.mcmaster.ca/ontology/40632,efflux pump conferring antibiotic resistance,1443,3153,Escherichia coli,562,25
Workflow successful,ed864aac0a447547cee3d3e398b618bc1d650318,467be3cf-a652-4898-a135-ca000e426e09,FAL00387_ed864aac0a447547cee3d3e398b618bc1d650318_9.fastq,none,83.67,88.85,protein variant model,Escherichia coli gyrB conferring resistance to aminocoumarin,2078,2415,16.794,https://card.mcmaster.ca/ontology/39887,antibiotic resistant gene variant or mutant. aminocoumarin resistance gene,2199,2416,Escherichia coli str. K-12 substr. W3110,316407,69
Workflow successful,ed864aac0a447547cee3d3e398b618bc1d650318,a5ac08fc-0f55-4954-9c18-5b57f047e850,FAL00387_ed864aac0a447547cee3d3e398b618bc1d650318_9.fastq,none,79.93,83.18,protein homolog model,cpxA,11,1375,99.2,https://card.mcmaster.ca/ontology/37210,gene modulating antibiotic efflux. efflux pump conferring antibiotic resistance,737,1375,Escherichia coli O157:H7 str. Sakai,386585,201
Workflow successful,ed864aac0a447547cee3d3e398b618bc1d650318,e5ac8711-638a-4fa1-b58f-aafa3d4111ac,FAL00387_ed864aac0a447547cee3d3e398b618bc1d650318_9.fastq,none,94.69,97.03,protein homolog model,FosA5,8,420,98.095,https://card.mcmaster.ca/ontology/39793,antibiotic inactivation enzyme. fosfomycin resistance gene,1283,420,Escherichia coli,562,818
Workflow successful,ed864aac0a447547cee3d3e398b618bc1d650318,93cf0aec-5010-4f2d-807f-621a1dd65185,FAL00387_ed864aac0a447547cee3d3e398b618bc1d650318_9.fastq,none,95.24,98.36,protein knockout model,Klebsiella OmpK35 conferring resistance to beta-lactam,0,682,99.708,https://card.mcmaster.ca/ontology/40737,gene conferring resistance via absence. gene modulating permeability to antibiotic,2171,684,Klebsiella pneumoniae subsp. pneumoniae HS11286,1125630,659
Workflow successful,ed864aac0a447547cee3d3e398b618bc1d650318,9e3ec709-8933-4fa0-a70c-88f9fe5a6548,FAL00387_ed864aac0a447547cee3d3e398b618bc1d650318_9.fastq,none,95.43,98.37,protein homolog model,TEM-4,0,1061,100,https://card.mcmaster.ca/ontology/37256,beta-lactam resistance gene. antibiotic inactivation enzyme,1172,1061,Klebsiella pneumoniae,573,339
Workflow successful,ed864aac0a447547cee3d3e398b618bc1d650318,6d5c6d00-5c48-4c4b-b7ea-27723d43085d,FAL00387_ed864aac0a447547cee3d3e398b618bc1d650318_9.fastq,none,95.05,98.81,protein homolog model,armA,0,774,100,https://card.mcmaster.ca/ontology/37238,aminoglycoside resistance gene. antibiotic target modifying enzyme,222,774,Pseudomonas aeruginosa,287,585
Workflow successful,ed864aac0a447547cee3d3e398b618bc1d650318,e7bd78b7-5100-4ea8-be9d-a3d43a6de0e0,FAL00387_ed864aac0a447547cee3d3e398b618bc1d650318_9.fastq,none,86.59,88.75,protein homolog model,H-NS,9,415,97.831,https://card.mcmaster.ca/ontology/37020,gene modulating antibiotic efflux. efflux pump conferring antibiotic resistance,1445,415,Escherichia coli O157:H7 str. Sakai,386585,824
Workflow successful,ed864aac0a447547cee3d3e398b618bc1d650318,05eddafa-8549-4cff-8e63-2ca744ea8ba4,FAL00387_ed864aac0a447547cee3d3e398b618bc1d650318_9.fastq,none,94.08,98.29,protein homolog model,dfrA14,0,484,100,https://card.mcmaster.ca/ontology/39293,trimethoprim resistance gene. antibiotic target replacement protein,654,484,Escherichia coli,562,781
Workflow successful,ed864aac0a447547cee3d3e398b618bc1d650318,dfe4de78-5f91-41a4-81af-e549db367952,FAL00387_ed864aac0a447547cee3d3e398b618bc1d650318_9.fastq,none,93.96,97.67,protein homolog model,CTX-M-15,0,877,100,https://card.mcmaster.ca/ontology/38278,beta-lactam resistance gene. antibiotic inactivation enzyme,338,877,Escherichia coli,562,461
Workflow successful,ed864aac0a447547cee3d3e398b618bc1d650318,6f88043b-0512-4648-920b-7d7117598a2b,FAL00387_ed864aac0a447547cee3d3e398b618bc1d650318_9.fastq,none,80.47,83.52,protein homolog model,patA,0,1379,99.928,https://card.mcmaster.ca/ontology/36033,efflux pump conferring antibiotic resistance,1029,1380,Escherichia coli str. K-12 substr. MG1655,511145,199
Workflow successful,ed864aac0a447547cee3d3e398b618bc1d650318,8ad4d5b2-bd94-4ce9-9abc-185090211ae7,FAL00387_ed864aac0a447547cee3d3e398b618bc1d650318_9.fastq,none,83.27,92.33,rRNA mutation model,Salmonella enterica serovar Typhimurium 16S rRNA mutation in the rrsD gene conferring resistance to spectinomycin,0,1544,100,https://card.mcmaster.ca/ontology/40114,aminoglycoside resistance gene. antibiotic resistant gene variant or mutant,2340,1544,Salmonella enterica subsp. salamae,59202,141
Workflow successful,ed864aac0a447547cee3d3e398b618bc1d650318,cfc390ff-3ac5-4309-9700-7d22113cf766,FAL00387_ed864aac0a447547cee3d3e398b618bc1d650318_9.fastq,none,93.73,95.59,protein variant model,Escherichia coli EF-Tu mutants conferring resistance to Enacyloxin IIa,7,1184,99.325,https://card.mcmaster.ca/ontology/39954,elfamycin resistance gene. antibiotic resistant gene variant or mutant,2206,1185,Escherichia coli str. K-12 substr. MG1655,511145,242
Workflow successful,ed864aac0a447547cee3d3e398b618bc1d650318,0857c4d7-4e4f-4400-a1eb-38d47dab145b,FAL00387_ed864aac0a447547cee3d3e398b618bc1d650318_9.fastq,none,83.17,90.75,protein variant model,Escherichia coli rpoB mutants conferring resistance to rifampicin,1987,2793,87.995,https://card.mcmaster.ca/ontology/39872,antibiotic resistant gene variant or mutant. rifampin resistance gene,2261,4030,Escherichia coli O157:H7 str. Sakai,386585,2
Workflow successful,ed864aac0a447547cee3d3e398b618bc1d650318,29aa985e-b55c-4bc8-ae98-1453e7c94af0,FAL00387_ed864aac0a447547cee3d3e398b618bc1d650318_9.fastq,none,89.24,96.55,protein homolog model,CTX-M-33,45,296,66.097,https://card.mcmaster.ca/ontology/38295,beta-lactam resistance gene. antibiotic inactivation enzyme,1915,877,Escherichia coli,562,461
Workflow successful,ed864aac0a447547cee3d3e398b618bc1d650318,24d7f161-746e-4c9c-b078-9af22847306b,FAL00387_ed864aac0a447547cee3d3e398b618bc1d650318_9.fastq,none,88.37,94.47,rRNA mutation model,Salmonella enterica serovar Typhimurium 16S rRNA mutation in the rrsD gene conferring resistance to spectinomycin,9,1538,99.028,https://card.mcmaster.ca/ontology/40114,aminoglycoside resistance gene. antibiotic resistant gene variant or mutant,2340,1544,Salmonella enterica subsp. salamae,59202,141
Workflow successful,ed864aac0a447547cee3d3e398b618bc1d650318,9f5f5a91-83f0-461e-9f0c-abe1210d6b83,FAL00387_ed864aac0a447547cee3d3e398b618bc1d650318_9.fastq,none,77,81.9,protein homolog model,YojI,793,1640,70.702,https://card.mcmaster.ca/ontology/40722,efflux pump conferring antibiotic resistance,1806,1644,Escherichia coli str. K-12 substr. MG1655,511145,132
Workflow successful,ed864aac0a447547cee3d3e398b618bc1d650318,80f46a80-c257-4f82-9907-e8fdec3d9e5a,FAL00387_ed864aac0a447547cee3d3e398b618bc1d650318_9.fastq,none,90.72,97.51,protein homolog model,CTX-M-15,0,877,100,https://card.mcmaster.ca/ontology/38278,beta-lactam resistance gene. antibiotic inactivation enzyme,338,877,Escherichia coli,562,461
Workflow successful,ed864aac0a447547cee3d3e398b618bc1d650318,9d61b7e6-5967-49b9-89cb-48b4abc2b7b4,FAL00387_ed864aac0a447547cee3d3e398b618bc1d650318_0.fastq,none,86.83,91.63,protein variant model,Escherichia coli rpoB mutants conferring resistance to rifampicin,2750,3412,88.138,https://card.mcmaster.ca/ontology/39872,antibiotic resistant gene variant or mutant. rifampin resistance gene,2261,4030,Escherichia coli O157:H7 str. Sakai,386585,2
Workflow successful,ed864aac0a447547cee3d3e398b618bc1d650318,765099cd-0181-4948-8c43-564fbafa9757,FAL00387_ed864aac0a447547cee3d3e398b618bc1d650318_0.fastq,none,90.62,94.92,rRNA mutation model,Salmonella enterica serovar Typhimurium 16S rRNA mutation in the rrsD gene conferring resistance to spectinomycin,607,1544,60.687,https://card.mcmaster.ca/ontology/40114,aminoglycoside resistance gene. antibiotic resistant gene variant or mutant,2340,1544,Salmonella enterica subsp. salamae,59202,141
Workflow successful,ed864aac0a447547cee3d3e398b618bc1d650318,fd1b8501-0328-4a36-8816-35640363c8ba,FAL00387_ed864aac0a447547cee3d3e398b618bc1d650318_0.fastq,none,88.69,92.09,protein variant model,Escherichia coli rpoB mutants conferring resistance to rifampicin,0,2374,70.053,https://card.mcmaster.ca/ontology/39872,antibiotic resistant gene variant or mutant. rifampin resistance gene,2261,4030,Escherichia coli O157:H7 str. Sakai,386585,2
Workflow successful,ed864aac0a447547cee3d3e398b618bc1d650318,5dfa8862-b4a8-478a-b872-eeb2b73d51ca,FAL00387_ed864aac0a447547cee3d3e398b618bc1d650318_0.fastq,none,86.96,91.1,protein variant model,Escherichia coli rpoB mutants conferring resistance to rifampicin,249,2636,95.81,https://card.mcmaster.ca/ontology/39872,antibiotic resistant gene variant or mutant. rifampin resistance gene,2261,4030,Escherichia coli O157:H7 str. Sakai,386585,2
Workflow successful,ed864aac0a447547cee3d3e398b618bc1d650318,cbfbc1d9-35c4-4936-828e-e64dab3924fd,FAL00387_ed864aac0a447547cee3d3e398b618bc1d650318_0.fastq,none,96.26,99.47,protein homolog model,msrE,898,1477,55.684,https://card.mcmaster.ca/ontology/39685,efflux pump conferring antibiotic resistance,1157,1477,Escherichia coli,562,162
Workflow successful,ed864aac0a447547cee3d3e398b618bc1d650318,c1d190b4-14cb-4df3-b8f1-4fd69c97f567,FAL00387_ed864aac0a447547cee3d3e398b618bc1d650318_0.fastq,none,95.38,99.47,protein homolog model,aadA5,430,621,65.636,https://card.mcmaster.ca/ontology/39005,aminoglycoside resistance gene. antibiotic inactivation enzyme,1082,790,Escherichia coli,562,570
Workflow successful,ed864aac0a447547cee3d3e398b618bc1d650318,45001b75-5e86-4086-94ca-b819e3985091,FAL00387_ed864aac0a447547cee3d3e398b618bc1d650318_0.fastq,none,93.95,97.35,protein homolog model,SHV-36,5,856,98.839,https://card.mcmaster.ca/ontology/37474,beta-lactam resistance gene. antibiotic inactivation enzyme,662,861,Klebsiella pneumoniae,573,439
Workflow successful,ed864aac0a447547cee3d3e398b618bc1d650318,d110b4c4-a214-4d38-acc9-1002a438f414,FAL00387_ed864aac0a447547cee3d3e398b618bc1d650318_0.fastq,none,84.3,86.95,protein variant model,Escherichia coli mutant UhpT conferring resistance to fosfomycin,0,389,27.945,https://card.mcmaster.ca/ontology/40592,fosfomycin resistance gene. antibiotic resistant gene variant or mutant,2183,1392,Escherichia coli str. K-12 substr. MC4100,1403831,196
Workflow successful,ed864aac0a447547cee3d3e398b618bc1d650318,4da0e152-fbc3-4e1d-a4f5-e076b5a542a7,FAL00387_ed864aac0a447547cee3d3e398b618bc1d650318_0.fastq,none,76.72,80.6,protein homolog model,aminocoumarin resistant alaS,0,853,32.421,https://card.mcmaster.ca/ontology/40521,aminocoumarin resistance gene,1919,2631,Escherichia coli str. K-12 substr. MG1655,511145,55
Workflow successful,ed864aac0a447547cee3d3e398b618bc1d650318,177988cf-22bf-4dd9-9b5f-e0c8f003c506,FAL00387_ed864aac0a447547cee3d3e398b618bc1d650318_0.fastq,none,95.85,98.96,protein homolog model,msrE,0,1477,100,https://card.mcmaster.ca/ontology/39685,efflux pump conferring antibiotic resistance,1157,1477,Escherichia coli,562,162
Workflow successful,ed864aac0a447547cee3d3e398b618bc1d650318,eddaf6fa-0ab3-494f-8562-3cf4fa977ffb,FAL00387_ed864aac0a447547cee3d3e398b618bc1d650318_0.fastq,none,94.55,97.55,protein homolog model,fyuA,595,1305,87.5,https://card.mcmaster.ca/ontology/40524,aminoglycoside resistance gene. tetracycline resistance gene,423,2022,Escherichia coli,562,88
Workflow successful,ed864aac0a447547cee3d3e398b618bc1d650318,6ab07b52-3b51-411f-a5e5-70738d666288,FAL00387_ed864aac0a447547cee3d3e398b618bc1d650318_0.fastq,none,94.97,96.59,rRNA mutation model,Escherichia coli 16S rRNA mutation in the rrsB gene conferring resistance to neomycin,1087,1444,76.407,https://card.mcmaster.ca/ontology/39986,aminoglycoside resistance gene. antibiotic resistant gene variant or mutant,2309,1542,Escherichia coli K-12,83333,141
Workflow successful,ed864aac0a447547cee3d3e398b618bc1d650318,21cbfae9-739a-4dfe-95ff-eca3475cb288,FAL00387_ed864aac0a447547cee3d3e398b618bc1d650318_0.fastq,none,75.95,79.74,protein homolog model,aminocoumarin resistant cysB,27,975,97.231,https://card.mcmaster.ca/ontology/40533,aminocoumarin resistance gene,2028,975,Escherichia coli str. K-12 substr. MG1655,511145,386
Workflow successful,ed864aac0a447547cee3d3e398b618bc1d650318,0385ed31-d7d0-43d6-886c-6739496d6124,FAL00387_ed864aac0a447547cee3d3e398b618bc1d650318_0.fastq,none,95.39,98.46,protein homolog model,OXA-48,5,799,99.374,https://card.mcmaster.ca/ontology/38182,beta-lactam resistance gene. antibiotic inactivation enzyme,842,799,Klebsiella pneumoniae,573,564
Workflow successful,ed864aac0a447547cee3d3e398b618bc1d650318,a75fe035-8191-4916-9786-520acca831ee,FAL00387_ed864aac0a447547cee3d3e398b618bc1d650318_0.fastq,none,89.66,94.59,protein variant model,Escherichia coli EF-Tu mutants conferring resistance to Pulvomycin,8,1230,99.35,https://card.mcmaster.ca/ontology/39953,elfamycin resistance gene. antibiotic resistant gene variant or mutant,2259,1230,Escherichia coli CFT073,199310,242
Workflow successful,ed864aac0a447547cee3d3e398b618bc1d650318,5a1e4db8-b0f0-40b7-8a7f-ccade369f1d7,FAL00387_ed864aac0a447547cee3d3e398b618bc1d650318_0.fastq,none,72.4,77.56,protein homolog model,acrF,9,3080,98.873,https://card.mcmaster.ca/ontology/36641,efflux pump conferring antibiotic resistance,663,3106,Escherichia coli str. K-12 substr. MG1655,511145,38
Workflow successful,ed864aac0a447547cee3d3e398b618bc1d650318,8738cd4b-d52a-43d5-a6d3-1cbe08c48414,FAL00387_ed864aac0a447547cee3d3e398b618bc1d650318_0.fastq,none,94.99,97.96,protein homolog model,acrA,444,1194,62.814,https://card.mcmaster.ca/ontology/36346,efflux pump conferring antibiotic resistance,395,1194,Klebsiella pneumoniae subsp. pneumoniae HS11286,1125630,264
Workflow successful,ed864aac0a447547cee3d3e398b618bc1d650318,c90d7a1b-413c-4978-8176-0fa4fddee2ed,FAL00387_ed864aac0a447547cee3d3e398b618bc1d650318_0.fastq,none,94.53,97.58,protein homolog model,oqxB,2751,3132,78.616,https://card.mcmaster.ca/ontology/40632,efflux pump conferring antibiotic resistance,1443,3153,Escherichia coli,562,25
Workflow successful,ed864aac0a447547cee3d3e398b618bc1d650318,1d98ef06-3ee3-49c7-8621-88348a453f10,FAL00387_ed864aac0a447547cee3d3e398b618bc1d650318_0.fastq,none,88.43,95.27,rRNA mutation model,Escherichia coli 16S rRNA mutation in the rrsH gene conferring resistance to spectinomycin,682,1348,84.545,https://card.mcmaster.ca/ontology/39956,aminoglycoside resistance gene. antibiotic resistant gene variant or mutant,2324,1542,Escherichia coli K-12,83333,141
Workflow successful,ed864aac0a447547cee3d3e398b618bc1d650318,f897de9e-1f5d-43e6-b717-c820c40dfdfa,FAL00387_ed864aac0a447547cee3d3e398b618bc1d650318_0.fastq,none,76.37,82.19,protein homolog model,aminocoumarin resistant alaS,584,1787,92.162,https://card.mcmaster.ca/ontology/40521,aminocoumarin resistance gene,1919,2631,Escherichia coli str. K-12 substr. MG1655,511145,55
Workflow successful,ed864aac0a447547cee3d3e398b618bc1d650318,488f5736-312e-41ce-b64e-bb9585bb2880,FAL00387_ed864aac0a447547cee3d3e398b618bc1d650318_0.fastq,none,90.59,94.82,protein homolog model,sul1,0,201,30.455,https://card.mcmaster.ca/ontology/36549,sulfonamide resistance gene. antibiotic target replacement protein,4,841,Vibrio fluvialis,676,505
Workflow successful,ed864aac0a447547cee3d3e398b618bc1d650318,73765ad4-7d00-48cd-88e8-bffe103883bc,FAL00387_ed864aac0a447547cee3d3e398b618bc1d650318_0.fastq,none,78.28,83.41,protein homolog model,smeE,1005,1480,15.205,https://card.mcmaster.ca/ontology/39490,efflux pump conferring antibiotic resistance,283,3124,Stenotrophomonas maltophilia,40324,32
Workflow successful,ed864aac0a447547cee3d3e398b618bc1d650318,1a7260b9-74c4-4613-ab38-2a2fa3d0b05e,FAL00387_ed864aac0a447547cee3d3e398b618bc1d650318_0.fastq,none,69.52,78.87,protein variant model,Enterobacter aerogenes omp36 mutants,66,1126,93.972,https://card.mcmaster.ca/ontology/39969,gene modulating permeability to antibiotic. beta-lactam resistance gene. antibiotic resistant gene variant or mutant,2195,1128,Enterobacter aerogenes,548,316
Workflow successful,ed864aac0a447547cee3d3e398b618bc1d650318,d8d4df46-7051-4d6f-9a21-3f21d4794247,FAL00387_ed864aac0a447547cee3d3e398b618bc1d650318_0.fastq,none,69.91,79.7,protein variant model,Enterobacter aerogenes omp36 mutants,58,1126,94.681,https://card.mcmaster.ca/ontology/39969,gene modulating permeability to antibiotic. beta-lactam resistance gene. antibiotic resistant gene variant or mutant,2195,1128,Enterobacter aerogenes,548,316
Workflow successful,ed864aac0a447547cee3d3e398b618bc1d650318,849d9caa-c656-459b-90b1-b0dca89d104c,FAL00387_ed864aac0a447547cee3d3e398b618bc1d650318_0.fastq,none,88.78,94.66,protein homolog model,TEM-4,656,1057,37.795,https://card.mcmaster.ca/ontology/37256,beta-lactam resistance gene. antibiotic inactivation enzyme,1172,1061,Klebsiella pneumoniae,573,339
Workflow successful,ed864aac0a447547cee3d3e398b618bc1d650318,fa6db010-abe5-4197-9bd8-179075965228,FAL00387_ed864aac0a447547cee3d3e398b618bc1d650318_0.fastq,none,92.51,96.55,rRNA mutation model,Salmonella enterica serovar Typhimurium 16S rRNA mutation in the rrsD gene conferring resistance to spectinomycin,0,1544,100,https://card.mcmaster.ca/ontology/40114,aminoglycoside resistance gene. antibiotic resistant gene variant or mutant,2340,1544,Salmonella enterica subsp. salamae,59202,141
Workflow successful,ed864aac0a447547cee3d3e398b618bc1d650318,7348055a-06ed-482f-ace5-363be8a11513,FAL00387_ed864aac0a447547cee3d3e398b618bc1d650318_0.fastq,none,75.69,80.75,protein variant model,Escherichia coli sulfonamide resistant mutant folP,0,744,87.529,https://card.mcmaster.ca/ontology/39970,sulfonamide resistance gene. antibiotic resistant gene variant or mutant,2245,850,Escherichia coli str. K-12 substr. W3110,316407,492
Workflow successful,ed864aac0a447547cee3d3e398b618bc1d650318,93f6f422-e2b9-4196-8e2c-178f511ba707,FAL00387_ed864aac0a447547cee3d3e398b618bc1d650318_0.fastq,none,77.98,83.33,protein knockout model,Klebsiella OmpK36 conferring resistance to beta-lactam,78,288,19.022,https://card.mcmaster.ca/ontology/40739,gene conferring resistance via absence. gene modulating permeability to antibiotic,2169,1104,Klebsiella pneumoniae subsp. pneumoniae HS11286,1125630,324
Workflow successful,ed864aac0a447547cee3d3e398b618bc1d650318,f8dfd26c-9aa7-4f31-bddf-1b6b7be07498,FAL00387_ed864aac0a447547cee3d3e398b618bc1d650318_0.fastq,none,88.64,95.51,protein homolog model,TEM-4,0,256,61.557,https://card.mcmaster.ca/ontology/37256,beta-lactam resistance gene. antibiotic inactivation enzyme,1172,1061,Klebsiella pneumoniae,573,339
Workflow successful,ed864aac0a447547cee3d3e398b618bc1d650318,2904be94-f15a-48ef-b0ca-64af7c2c3f9b,FAL00387_ed864aac0a447547cee3d3e398b618bc1d650318_0.fastq,none,74.46,77.98,protein homolog model,mdtK,9,1425,99.368,https://card.mcmaster.ca/ontology/37726,efflux pump conferring antibiotic resistance,472,1425,Salmonella enterica subsp. enterica serovar Typhimurium,90371,183
Workflow successful,ed864aac0a447547cee3d3e398b618bc1d650318,63984737-2578-439a-8523-292f2389f8a7,FAL00387_ed864aac0a447547cee3d3e398b618bc1d650318_0.fastq,none,77.64,83.28,protein homolog model,acrB,1580,3085,47.808,https://card.mcmaster.ca/ontology/36355,efflux pump conferring antibiotic resistance,1725,3148,Enterobacter cloacae,550,27
Workflow successful,ed864aac0a447547cee3d3e398b618bc1d650318,6b9132e1-35d5-44be-8797-5c0e399545c8,FAL00387_ed864aac0a447547cee3d3e398b618bc1d650318_0.fastq,none,91.05,96.63,protein knockout model,Klebsiella OmpK35 conferring resistance to beta-lactam,12,684,98.246,https://card.mcmaster.ca/ontology/40737,gene conferring resistance via absence. gene modulating permeability to antibiotic,2171,684,Klebsiella pneumoniae subsp. pneumoniae HS11286,1125630,659
Workflow successful,ed864aac0a447547cee3d3e398b618bc1d650318,346b7cdd-7ce3-474d-b7a6-986d7c5881b4,FAL00387_ed864aac0a447547cee3d3e398b618bc1d650318_0.fastq,none,91.9,98.39,protein homolog model,AAC(6')-Ib',88,740,49.573,https://card.mcmaster.ca/ontology/40308,aminoglycoside resistance gene. antibiotic inactivation enzyme,1334,3902,Pseudomonas aeruginosa,287,3
Workflow successful,ed864aac0a447547cee3d3e398b618bc1d650318,e6dd5971-d7ce-4181-a4de-881afbd94ad6,FAL00387_ed864aac0a447547cee3d3e398b618bc1d650318_0.fastq,none,76.48,82.22,protein homolog model,mdtD,333,1355,72.124,https://card.mcmaster.ca/ontology/37729,efflux pump conferring antibiotic resistance,827,1417,Escherichia coli str. K-12 substr. MG1655,511145,186
Workflow successful,ed864aac0a447547cee3d3e398b618bc1d650318,b075ad0b-7221-4666-b3b3-a4ace2eee766,FAL00387_ed864aac0a447547cee3d3e398b618bc1d650318_0.fastq,none,91.75,96.64,protein homolog model,oqxB,0,3153,100,https://card.mcmaster.ca/ontology/40632,efflux pump conferring antibiotic resistance,1443,3153,Escherichia coli,562,25
Workflow successful,ed864aac0a447547cee3d3e398b618bc1d650318,7cd4fb0d-a6ec-4eee-90dc-a5e8aabc7e8b,FAL00387_ed864aac0a447547cee3d3e398b618bc1d650318_0.fastq,none,95.61,98.65,protein homolog model,TEM-4,2,1061,99.811,https://card.mcmaster.ca/ontology/37256,beta-lactam resistance gene. antibiotic inactivation enzyme,1172,1061,Klebsiella pneumoniae,573,339
Workflow successful,ed864aac0a447547cee3d3e398b618bc1d650318,779a0c1b-3ddc-49da-b109-25d2c6d6871a,FAL00387_ed864aac0a447547cee3d3e398b618bc1d650318_0.fastq,none,79.46,84.34,protein homolog model,acrB,0,3099,98.443,https://card.mcmaster.ca/ontology/36355,efflux pump conferring antibiotic resistance,1725,3148,Enterobacter cloacae,550,27
Workflow successful,ed864aac0a447547cee3d3e398b618bc1d650318,4a1a39aa-8927-4639-9e34-074098d73d90,FAL00387_ed864aac0a447547cee3d3e398b618bc1d650318_0.fastq,none,77.92,82.25,protein homolog model,YojI,136,1640,91.484,https://card.mcmaster.ca/ontology/40722,efflux pump conferring antibiotic resistance,1806,1644,Escherichia coli str. K-12 substr. MG1655,511145,132
Workflow successful,ed864aac0a447547cee3d3e398b618bc1d650318,0c2b4719-d142-4cd5-9c2b-d7c9d80318bb,FAL00387_ed864aac0a447547cee3d3e398b618bc1d650318_0.fastq,none,93.95,97.4,protein homolog model,oqxB,0,3153,100,https://card.mcmaster.ca/ontology/40632,efflux pump conferring antibiotic resistance,1443,3153,Escherichia coli,562,25
Workflow successful,ed864aac0a447547cee3d3e398b618bc1d650318,2374ade7-5780-4c5e-90bd-b6d072165820,FAL00387_ed864aac0a447547cee3d3e398b618bc1d650318_0.fastq,none,78.04,81.05,protein homolog model,YojI,462,1628,70.925,https://card.mcmaster.ca/ontology/40722,efflux pump conferring antibiotic resistance,1806,1644,Escherichia coli str. K-12 substr. MG1655,511145,132
Workflow successful,ed864aac0a447547cee3d3e398b618bc1d650318,3e945710-046d-4ed2-80aa-9a94780d5d6d,FAL00387_ed864aac0a447547cee3d3e398b618bc1d650318_0.fastq,none,89.39,94.15,rRNA mutation model,Salmonella enterica serovar Typhimurium 16S rRNA mutation in the rrsD gene conferring resistance to spectinomycin,0,1544,100,https://card.mcmaster.ca/ontology/40114,aminoglycoside resistance gene. antibiotic resistant gene variant or mutant,2340,1544,Salmonella enterica subsp. salamae,59202,141
Workflow successful,ed864aac0a447547cee3d3e398b618bc1d650318,37edc2d4-1aef-4ba1-926a-6b2bdb166825,FAL00387_ed864aac0a447547cee3d3e398b618bc1d650318_0.fastq,none,94.51,97.97,protein homolog model,TEM-4,0,1061,100,https://card.mcmaster.ca/ontology/37256,beta-lactam resistance gene. antibiotic inactivation enzyme,1172,1061,Klebsiella pneumoniae,573,339
Workflow successful,ed864aac0a447547cee3d3e398b618bc1d650318,a40f4984-2c41-4be2-9383-639a22334c0f,FAL00387_ed864aac0a447547cee3d3e398b618bc1d650318_0.fastq,none,90.44,96.01,rRNA mutation model,Escherichia coli 16S rRNA mutation in the rrsH gene conferring resistance to spectinomycin,0,1542,100,https://card.mcmaster.ca/ontology/39956,aminoglycoside resistance gene. antibiotic resistant gene variant or mutant,2324,1542,Escherichia coli K-12,83333,141
Workflow successful,ed864aac0a447547cee3d3e398b618bc1d650318,87a74ef4-585b-4016-9ad3-20a260ca70c9,FAL00387_ed864aac0a447547cee3d3e398b618bc1d650318_0.fastq,none,87.91,93.56,protein knockout model,Klebsiella OmpK36 conferring resistance to beta-lactam,0,1104,100,https://card.mcmaster.ca/ontology/40739,gene conferring resistance via absence. gene modulating permeability to antibiotic,2169,1104,Klebsiella pneumoniae subsp. pneumoniae HS11286,1125630,324
Workflow successful,ed864aac0a447547cee3d3e398b618bc1d650318,efbf9575-f883-4aed-a705-31d785c2bc9c,FAL00387_ed864aac0a447547cee3d3e398b618bc1d650318_0.fastq,none,95.78,98.59,protein homolog model,fyuA,0,2017,99.753,https://card.mcmaster.ca/ontology/40524,aminoglycoside resistance gene. tetracycline resistance gene,423,2022,Escherichia coli,562,88
Workflow successful,ed864aac0a447547cee3d3e398b618bc1d650318,41a29408-2c71-4bfa-9802-1d15d5734838,FAL00387_ed864aac0a447547cee3d3e398b618bc1d650318_0.fastq,none,82.4,85.5,protein variant model,Salmonella enterica parC conferring resistance to fluoroquinolones,111,2259,95.086,https://card.mcmaster.ca/ontology/40662,fluoroquinolone resistance gene. antibiotic resistant gene variant or mutant,2248,2259,Salmonella enterica subsp. enterica serovar Typhimurium str. LT2,99287,73
Workflow successful,ed864aac0a447547cee3d3e398b618bc1d650318,e7108876-0c17-4953-8d3c-b311a3f17ca0,FAL00387_ed864aac0a447547cee3d3e398b618bc1d650318_0.fastq,none,74.62,82.83,protein variant model,Escherichia coli mutant UhpT conferring resistance to fosfomycin,29,1331,93.534,https://card.mcmaster.ca/ontology/40592,fosfomycin resistance gene. antibiotic resistant gene variant or mutant,2183,1392,Escherichia coli str. K-12 substr. MC4100,1403831,196
Workflow successful,ed864aac0a447547cee3d3e398b618bc1d650318,a743866a-574b-4e6e-ac87-346a0133ee16,FAL00387_ed864aac0a447547cee3d3e398b618bc1d650318_3.fastq,none,92.62,95.44,rRNA mutation model,Salmonella enterica serovar Typhimurium 16S rRNA mutation in the rrsD gene conferring resistance to spectinomycin,0,1544,100,https://card.mcmaster.ca/ontology/40114,aminoglycoside resistance gene. antibiotic resistant gene variant or mutant,2340,1544,Salmonella enterica subsp. salamae,59202,141
Workflow successful,ed864aac0a447547cee3d3e398b618bc1d650318,9765cce7-4ac3-4a42-b130-df66b3488b54,FAL00387_ed864aac0a447547cee3d3e398b618bc1d650318_3.fastq,none,75.62,80.02,protein homolog model,tolC,0,1337,89.852,https://card.mcmaster.ca/ontology/36376,efflux pump conferring antibiotic resistance,1437,1488,Escherichia coli,562,155
Workflow successful,ed864aac0a447547cee3d3e398b618bc1d650318,edf72f4e-20fc-46fb-a0dc-a981774c93d7,FAL00387_ed864aac0a447547cee3d3e398b618bc1d650318_3.fastq,none,83.18,86.13,protein homolog model,CRP,2,634,99.685,https://card.mcmaster.ca/ontology/36657,gene modulating antibiotic efflux. efflux pump conferring antibiotic resistance,732,634,Escherichia coli str. K-12 substr. W3110,316407,704
Workflow successful,ed864aac0a447547cee3d3e398b618bc1d650318,44112025-7c04-4745-9897-e6b5104f5721,FAL00387_ed864aac0a447547cee3d3e398b618bc1d650318_3.fastq,none,73.92,80.57,protein knockout model,Klebsiella OmpK36 conferring resistance to beta-lactam,583,1095,46.377,https://card.mcmaster.ca/ontology/40739,gene conferring resistance via absence. gene modulating permeability to antibiotic,2169,1104,Klebsiella pneumoniae subsp. pneumoniae HS11286,1125630,324
Workflow successful,ed864aac0a447547cee3d3e398b618bc1d650318,77acf491-1c47-4537-99a0-8d79e96565a5,FAL00387_ed864aac0a447547cee3d3e398b618bc1d650318_3.fastq,none,79.13,82.41,protein homolog model,YojI,96,1628,93.187,https://card.mcmaster.ca/ontology/40722,efflux pump conferring antibiotic resistance,1806,1644,Escherichia coli str. K-12 substr. MG1655,511145,132
Workflow successful,ed864aac0a447547cee3d3e398b618bc1d650318,135847e3-bbba-4f5c-9a49-abb1be316e38,FAL00387_ed864aac0a447547cee3d3e398b618bc1d650318_3.fastq,none,93.23,97.87,protein variant model,Klebsiella pneumoniae ramR mutants,0,583,100,https://card.mcmaster.ca/ontology/39964,gene modulating antibiotic efflux. antibiotic resistant gene variant or mutant. efflux pump conferring antibiotic resistance,2251,583,Klebsiella pneumoniae subsp. pneumoniae MGH 78578,272620,732
Workflow successful,ed864aac0a447547cee3d3e398b618bc1d650318,c49d796e-e236-43f7-abe4-737864a5e81c,FAL00387_ed864aac0a447547cee3d3e398b618bc1d650318_3.fastq,none,92.03,96.44,protein homolog model,oqxA,0,922,78.401,https://card.mcmaster.ca/ontology/40631,efflux pump conferring antibiotic resistance,1676,1176,Escherichia coli,562,282
Workflow successful,ed864aac0a447547cee3d3e398b618bc1d650318,8a3d800c-22e1-40a5-a559-927c09ca74db,FAL00387_ed864aac0a447547cee3d3e398b618bc1d650318_3.fastq,none,96.11,99.27,protein homolog model,dfrA14,0,282,58.264,https://card.mcmaster.ca/ontology/39293,trimethoprim resistance gene. antibiotic target replacement protein,654,484,Escherichia coli,562,781
Workflow successful,ed864aac0a447547cee3d3e398b618bc1d650318,89217bcd-850b-48e6-bddf-7f984a4f6e33,FAL00387_ed864aac0a447547cee3d3e398b618bc1d650318_3.fastq,none,78.13,80.84,protein homolog model,acrD,0,3114,99.968,https://card.mcmaster.ca/ontology/36630,efflux pump conferring antibiotic resistance,184,3115,Escherichia coli str. K-12 substr. W3110,316407,34
Workflow successful,ed864aac0a447547cee3d3e398b618bc1d650318,f67d0927-c922-4359-bf10-ed9df6defdb3,FAL00387_ed864aac0a447547cee3d3e398b618bc1d650318_3.fastq,none,75.63,80.62,protein homolog model,mdtK,848,1353,45.638,https://card.mcmaster.ca/ontology/37726,efflux pump conferring antibiotic resistance,472,1425,Salmonella enterica subsp. enterica serovar Typhimurium,90371,183
Workflow successful,ed864aac0a447547cee3d3e398b618bc1d650318,684c1a5d-afe6-4c94-bdd1-50be1ef1896e,FAL00387_ed864aac0a447547cee3d3e398b618bc1d650318_3.fastq,none,91.65,96.85,protein homolog model,msrE,0,1477,100,https://card.mcmaster.ca/ontology/39685,efflux pump conferring antibiotic resistance,1157,1477,Escherichia coli,562,162
Workflow successful,ed864aac0a447547cee3d3e398b618bc1d650318,aac6a49c-2b74-45c4-ae00-7e0a8798e594,FAL00387_ed864aac0a447547cee3d3e398b618bc1d650318_3.fastq,none,92.65,98.82,protein homolog model,OXA-199,528,799,60.235,https://card.mcmaster.ca/ontology/38214,beta-lactam resistance gene. antibiotic inactivation enzyme,1696,799,Shewanella xiamenensis,332186,564
Workflow successful,ed864aac0a447547cee3d3e398b618bc1d650318,dd6f5050-7407-4b3a-885d-6bb9f76c5f7e,FAL00387_ed864aac0a447547cee3d3e398b618bc1d650318_3.fastq,none,78.54,82.01,protein homolog model,mfd,3,3447,99.913,https://card.mcmaster.ca/ontology/40538,fluoroquinolone resistance gene. antibiotic target protection protein,1528,3447,Escherichia coli str. K-12 substr. MG1655,511145,9
Workflow successful,ed864aac0a447547cee3d3e398b618bc1d650318,48415731-775a-44b3-814b-b25c6d6de3f3,FAL00387_ed864aac0a447547cee3d3e398b618bc1d650318_3.fastq,none,94.25,98.33,protein homolog model,msrE,0,1477,100,https://card.mcmaster.ca/ontology/39685,efflux pump conferring antibiotic resistance,1157,1477,Escherichia coli,562,162
Workflow successful,ed864aac0a447547cee3d3e398b618bc1d650318,a98639db-4d9d-4b92-b235-7f7672065f07,FAL00387_ed864aac0a447547cee3d3e398b618bc1d650318_3.fastq,none,86.48,91.81,protein variant model,Escherichia coli rpoB mutants conferring resistance to rifampicin,0,4030,100,https://card.mcmaster.ca/ontology/39872,antibiotic resistant gene variant or mutant. rifampin resistance gene,2261,4030,Escherichia coli O157:H7 str. Sakai,386585,2
Workflow successful,ed864aac0a447547cee3d3e398b618bc1d650318,cebe054f-2d3e-485e-9b1d-5bbdb1a64e20,FAL00387_ed864aac0a447547cee3d3e398b618bc1d650318_3.fastq,none,95.92,98.6,protein variant model,Klebsiella pneumoniae ramR mutants,0,583,100,https://card.mcmaster.ca/ontology/39964,gene modulating antibiotic efflux. antibiotic resistant gene variant or mutant. efflux pump conferring antibiotic resistance,2251,583,Klebsiella pneumoniae subsp. pneumoniae MGH 78578,272620,732
Workflow successful,ed864aac0a447547cee3d3e398b618bc1d650318,d978f3e8-ebd8-4fe2-a47e-b76385f3468d,FAL00387_ed864aac0a447547cee3d3e398b618bc1d650318_3.fastq,none,75.66,82.05,protein homolog model,arnA,943,1818,64.417,https://card.mcmaster.ca/ontology/39419,gene altering cell wall charge conferring antibiotic resistance. polymyxin resistance gene,415,1989,Pseudomonas aeruginosa PAO1,208964,93
Workflow successful,ed864aac0a447547cee3d3e398b618bc1d650318,b95efbd9-3331-43bd-bbf5-af5ea0c722fc,FAL00387_ed864aac0a447547cee3d3e398b618bc1d650318_3.fastq,none,94.31,98.07,protein homolog model,OXA-48,0,799,100,https://card.mcmaster.ca/ontology/38182,beta-lactam resistance gene. antibiotic inactivation enzyme,842,799,Klebsiella pneumoniae,573,564
Workflow successful,ed864aac0a447547cee3d3e398b618bc1d650318,2feea57a-ea5a-4404-8535-2e777bc03ca1,FAL00387_ed864aac0a447547cee3d3e398b618bc1d650318_3.fastq,none,85.35,94.37,protein variant model,Escherichia coli rpoB mutants conferring resistance to rifampicin,153,461,71.96,https://card.mcmaster.ca/ontology/39872,antibiotic resistant gene variant or mutant. rifampin resistance gene,2261,4030,Escherichia coli O157:H7 str. Sakai,386585,2
Workflow successful,ed864aac0a447547cee3d3e398b618bc1d650318,b2ea23e1-1076-4573-8b62-8f0de351fde0,FAL00387_ed864aac0a447547cee3d3e398b618bc1d650318_3.fastq,none,68.96,74.04,protein homolog model,rosB,541,1572,60.898,https://card.mcmaster.ca/ontology/39483,efflux pump conferring antibiotic resistance,715,1693,Yersinia enterocolitica (type O:8),34054,122
Workflow successful,ed864aac0a447547cee3d3e398b618bc1d650318,e100d06d-41bb-4351-bfd6-764a4153f5a2,FAL00387_ed864aac0a447547cee3d3e398b618bc1d650318_3.fastq,none,89.68,94.12,rRNA mutation model,Salmonella enterica serovar Typhimurium 16S rRNA mutation in the rrsD gene conferring resistance to spectinomycin,0,1537,99.547,https://card.mcmaster.ca/ontology/40114,aminoglycoside resistance gene. antibiotic resistant gene variant or mutant,2340,1544,Salmonella enterica subsp. salamae,59202,141
Workflow successful,ed864aac0a447547cee3d3e398b618bc1d650318,a2336123-5579-473f-b54a-c8b1d39ae623,FAL00387_ed864aac0a447547cee3d3e398b618bc1d650318_3.fastq,none,89.51,95.7,protein homolog model,OXA-199,4,799,99.499,https://card.mcmaster.ca/ontology/38214,beta-lactam resistance gene. antibiotic inactivation enzyme,1696,799,Shewanella xiamenensis,332186,564
Workflow successful,ed864aac0a447547cee3d3e398b618bc1d650318,e23e2bd4-c527-478e-a91d-8de5f9bebb4b,FAL00387_ed864aac0a447547cee3d3e398b618bc1d650318_3.fastq,none,81.79,84.43,protein homolog model,cpxR,2,700,99.714,https://card.mcmaster.ca/ontology/37211,gene modulating antibiotic efflux. efflux pump conferring antibiotic resistance,1689,700,Escherichia coli O157:H7 str. Sakai,386585,648
Workflow successful,ed864aac0a447547cee3d3e398b618bc1d650318,707c0a17-296c-42be-918e-056a62ca950d,FAL00387_ed864aac0a447547cee3d3e398b618bc1d650318_3.fastq,none,93.36,98.06,protein homolog model,TEM-4,0,1061,100,https://card.mcmaster.ca/ontology/37256,beta-lactam resistance gene. antibiotic inactivation enzyme,1172,1061,Klebsiella pneumoniae,573,339
Workflow successful,ed864aac0a447547cee3d3e398b618bc1d650318,39a63b4f-f880-4e13-987a-253414479d69,FAL00387_ed864aac0a447547cee3d3e398b618bc1d650318_3.fastq,none,90.05,92.76,protein variant model,Escherichia coli rpoB mutants conferring resistance to rifampicin,0,3926,97.419,https://card.mcmaster.ca/ontology/39872,antibiotic resistant gene variant or mutant. rifampin resistance gene,2261,4030,Escherichia coli O157:H7 str. Sakai,386585,2
Workflow successful,ed864aac0a447547cee3d3e398b618bc1d650318,08d653fc-0680-4c6e-95d8-7457aad0340a,FAL00387_ed864aac0a447547cee3d3e398b618bc1d650318_3.fastq,none,96.24,98.08,protein homolog model,TEM-4,0,1061,100,https://card.mcmaster.ca/ontology/37256,beta-lactam resistance gene. antibiotic inactivation enzyme,1172,1061,Klebsiella pneumoniae,573,339
Workflow successful,ed864aac0a447547cee3d3e398b618bc1d650318,964bf539-a36c-493a-a748-597e87573e55,FAL00387_ed864aac0a447547cee3d3e398b618bc1d650318_3.fastq,none,74.7,82.67,protein knockout model,Klebsiella OmpK36 conferring resistance to beta-lactam,583,1055,42.754,https://card.mcmaster.ca/ontology/40739,gene conferring resistance via absence. gene modulating permeability to antibiotic,2169,1104,Klebsiella pneumoniae subsp. pneumoniae HS11286,1125630,324
Workflow successful,ed864aac0a447547cee3d3e398b618bc1d650318,7d64af08-c5a9-4f40-a76d-3910fe5a2908,FAL00387_ed864aac0a447547cee3d3e398b618bc1d650318_3.fastq,none,78.4,81.82,protein homolog model,cpxA,10,1375,99.273,https://card.mcmaster.ca/ontology/37210,gene modulating antibiotic efflux. efflux pump conferring antibiotic resistance,737,1375,Escherichia coli O157:H7 str. Sakai,386585,201
Workflow successful,ed864aac0a447547cee3d3e398b618bc1d650318,2039c32a-946f-4b7e-b0f2-3260d0471be5,FAL00387_ed864aac0a447547cee3d3e398b618bc1d650318_3.fastq,none,74,80.63,protein homolog model,mfd,10,3447,99.71,https://card.mcmaster.ca/ontology/40538,fluoroquinolone resistance gene. antibiotic target protection protein,1528,3447,Escherichia coli str. K-12 substr. MG1655,511145,9
Workflow successful,ed864aac0a447547cee3d3e398b618bc1d650318,8a2acd7b-1be2-4e19-af40-64ed8446a892,FAL00387_ed864aac0a447547cee3d3e398b618bc1d650318_3.fastq,none,82.67,92.65,protein homolog model,FosA5,15,420,96.429,https://card.mcmaster.ca/ontology/39793,antibiotic inactivation enzyme. fosfomycin resistance gene,1283,420,Escherichia coli,562,818
Workflow successful,ed864aac0a447547cee3d3e398b618bc1d650318,309c197d-d6d0-44bb-9f69-5aa9f1b13912,FAL00387_ed864aac0a447547cee3d3e398b618bc1d650318_3.fastq,none,95.95,98.52,protein homolog model,msrE,617,961,74.342,https://card.mcmaster.ca/ontology/39685,efflux pump conferring antibiotic resistance,1157,1477,Escherichia coli,562,162
Workflow successful,ed864aac0a447547cee3d3e398b618bc1d650318,a6fb2985-386c-4d79-961c-75bf5908464c,FAL00387_ed864aac0a447547cee3d3e398b618bc1d650318_3.fastq,none,76.43,80.05,protein variant model,Escherichia coli sulfonamide resistant mutant folP,0,804,94.588,https://card.mcmaster.ca/ontology/39970,sulfonamide resistance gene. antibiotic resistant gene variant or mutant,2245,850,Escherichia coli str. K-12 substr. W3110,316407,492
Workflow successful,ed864aac0a447547cee3d3e398b618bc1d650318,a1462942-edb5-4890-a393-7ca85a1912df,FAL00387_ed864aac0a447547cee3d3e398b618bc1d650318_3.fastq,none,86.66,94.97,protein variant model,Klebsiella mutant PhoP conferring antibiotic resistance to colistin,0,672,100,https://card.mcmaster.ca/ontology/40195,gene altering cell wall charge conferring antibiotic resistance. gene modulating antibiotic efflux. antibiotic resistant gene variant or mutant. polymyxin resistance gene. efflux pump conferring antibiotic resistance,2180,672,Klebsiella pneumoniae,573,665
Workflow successful,ed864aac0a447547cee3d3e398b618bc1d650318,08827c7f-6415-4de0-80a8-187be596d1dd,FAL00387_ed864aac0a447547cee3d3e398b618bc1d650318_3.fastq,none,94.96,98.08,protein homolog model,fyuA,0,2022,100,https://card.mcmaster.ca/ontology/40524,aminoglycoside resistance gene. tetracycline resistance gene,423,2022,Escherichia coli,562,88
Workflow successful,ed864aac0a447547cee3d3e398b618bc1d650318,76f112b1-54e4-47de-bc6f-203237c2735b,FAL00387_ed864aac0a447547cee3d3e398b618bc1d650318_3.fastq,none,81.31,85.52,protein homolog model,mdtD,0,600,64.764,https://card.mcmaster.ca/ontology/37729,efflux pump conferring antibiotic resistance,827,1417,Escherichia coli str. K-12 substr. MG1655,511145,186